1,google.com
2,netflix.com
3,youtube.com
4,facebook.com
5,microsoft.com
6,twitter.com
7,instagram.com
8,baidu.com
9,linkedin.com
10,apple.com
11,wikipedia.org
12,netflix.net
13,qq.com
14,zhihu.com
15,amazon.com
16,googletagmanager.com
17,wordpress.org
18,yahoo.com
19,live.com
20,taobao.com
21,youtu.be
22,pinterest.com
23,vimeo.com
24,tmall.com
25,adobe.com
26,office.com
27,163.com
28,windowsupdate.com
29,microsoftonline.com
30,zoom.us
31,amazonaws.com
32,github.com
33,goo.gl
34,bing.com
35,wordpress.com
36,sogou.com
37,reddit.com
38,bilibili.com
39,bit.ly
40,weibo.com
41,doubleclick.net
42,googleusercontent.com
43,blogspot.com
44,mozilla.org
45,macromedia.com
46,whatsapp.com
47,msn.com
48,so.com
49,sina.com.cn
50,tumblr.com
51,google-analytics.com
52,360.cn
53,skype.com
54,europa.eu
55,nytimes.com
56,vk.com
57,soso.com
58,flickr.com
59,office365.com
60,gravatar.com
61,nih.gov
62,sohu.com
63,spotify.com
64,soundcloud.com
65,apache.org
66,dropbox.com
67,lencr.org
68,medium.com
69,jd.com
70,forbes.com
71,canva.com
72,t.co
73,akadns.net
74,cnn.com
75,akamaiedge.net
76,w3.org
77,myshopify.com
78,cloudflare.com
79,archive.org
80,paypal.com
81,icloud.com
82,github.io
83,tianya.cn
84,theguardian.com
85,1688.com
86,chaturbate.com
87,twitch.tv
88,ebay.com
89,imdb.com
90,sourceforge.net
91,bbc.co.uk
92,tiktok.com
93,csdn.net
94,yahoo.co.jp
95,office.net
96,naver.com
97,bbc.com
98,miit.gov.cn
99,digicert.com
100,alipay.com
101,sharepoint.com
102,google.com.hk
103,forms.gle
104,creativecommons.org
105,force.com
106,who.int
107,outlook.com
108,issuu.com
109,weebly.com
110,t.me
111,wixsite.com
112,windows.net
113,cdc.gov
114,emabrasil.com.br
115,yandex.ru
116,aaplimg.com
117,etsy.com
118,reuters.com
119,sciencedirect.com
120,washingtonpost.com
121,amazon.co.jp
122,tinyurl.com
123,wsj.com
124,amazon.in
125,oracle.com
126,aliexpress.com
127,wix.com
128,wikimedia.org
129,googlesyndication.com
130,bloomberg.com
131,opera.com
132,hao123.com
133,douban.com
134,googleadservices.com
135,bongacams.com
136,youtube-nocookie.com
137,apple-dns.net
138,harvard.edu
139,businessinsider.com
140,researchgate.net
141,imgur.com
142,mail.ru
143,google.de
144,mit.edu
145,ytimg.com
146,stackoverflow.com
147,wp.com
148,php.net
149,indeed.com
150,slideshare.net
151,windows.com
152,blogger.com
153,cnbc.com
154,amazon.co.uk
155,wa.me
156,wiley.com
157,okezone.com
158,fbcdn.net
159,list-manage.com
160,dailymail.co.uk
161,google.co.jp
162,go.com
163,gnu.org
164,nature.com
165,ibm.com
166,youku.com
167,godaddy.com
168,stanford.edu
169,un.org
170,app-measurement.com
171,doi.org
172,cnet.com
173,cloudfront.net
174,usatoday.com
175,tradingview.com
176,fandom.com
177,ok.ru
178,google.co.in
179,alibaba.com
180,hp.com
181,intuit.com
182,springer.com
183,gvt1.com
184,www.gov.uk
185,nasa.gov
186,unsplash.com
187,eventbrite.com
188,booking.com
189,shopify.com
190,nginx.org
191,surveymonkey.com
192,behance.net
193,cnblogs.com
194,googlevideo.com
195,time.com
196,yelp.com
197,telegraph.co.uk
198,npr.org
199,aol.com
200,google.com.br
201,bitly.com
202,aliyun.com
203,mailchimp.com
204,google.co.uk
205,ted.com
206,cpanel.net
207,samsung.com
208,akamai.net
209,scorecardresearch.com
210,telegram.org
211,nginx.com
212,walmart.com
213,zendesk.com
214,themeforest.net
215,wired.com
216,addtoany.com
217,youdao.com
218,indiatimes.com
219,line.me
220,myspace.com
221,salesforce.com
222,amazon.de
223,google.cn
224,facebook.net
225,udemy.com
226,rakuten.co.jp
227,pikiran-rakyat.com
228,amazon-adsystem.com
229,techcrunch.com
230,chase.com
231,dailymotion.com
232,nflxso.net
233,gvt2.com
234,cpanel.com
235,grammarly.com
236,goodreads.com
237,instructure.com
238,ca.gov
239,huffingtonpost.com
240,scribd.com
241,pornhub.com
242,freepik.com
243,squarespace.com
244,liputan6.com
245,espn.com
246,google.fr
247,mysql.com
248,independent.co.uk
249,zillow.com
250,berkeley.edu
251,ggpht.com
252,amzn.to
253,latimes.com
254,google.es
255,tripadvisor.com
256,pixabay.com
257,google.it
258,addthis.com
259,coinmarketcap.com
260,healthline.com
261,googletagservices.com
262,statista.com
263,loc.gov
264,opendns.com
265,tribunnews.com
266,msedge.net
267,google.ru
268,webmd.com
269,flipkart.com
270,foxnews.com
271,ft.com
272,quora.com
273,free.fr
274,fb.com
275,theverge.com
276,akamaized.net
277,pki.goog
278,livejournal.com
279,adnxs.com
280,xinhuanet.com
281,demdex.net
282,g.page
283,investopedia.com
284,duckduckgo.com
285,sitemaps.org
286,hubspot.com
287,daum.net
288,binance.com
289,fiverr.com
290,beian.gov.cn
291,slack.com
292,debian.org
293,cornell.edu
294,shutterstock.com
295,iqiyi.com
296,wetransfer.com
297,xvideos.com
298,prnewswire.com
299,linktr.ee
300,nationalgeographic.com
301,kickstarter.com
302,theatlantic.com
303,arnebrachhold.de
304,w3schools.com
305,taboola.com
306,fda.gov
307,roblox.com
308,intel.com
309,ietf.org
310,ikea.com
311,tandfonline.com
312,cbsnews.com
313,washington.edu
314,cisco.com
315,huffpost.com
316,ilovepdf.com
317,nbcnews.com
318,azure.com
319,toutiao.com
320,marriott.com
321,weather.com
322,oup.com
323,safebrowsing.apple
324,business.site
325,marketwatch.com
326,statcounter.com
327,aboutads.info
328,snapchat.com
329,google.ca
330,deviantart.com
331,android.com
332,giphy.com
333,mediafire.com
334,xhamster.com
335,mailchi.mp
336,amazon.ca
337,usnews.com
338,pubmatic.com
339,cambridge.org
340,rubiconproject.com
341,tencent.com
342,sagepub.com
343,tistory.com
344,jimdo.com
345,hugedomains.com
346,gmail.com
347,zoho.com
348,hbr.org
349,primevideo.com
350,coursera.org
351,dell.com
352,ntp.org
353,calendly.com
354,nr-data.net
355,msftconnecttest.com
356,buzzfeed.com
357,princeton.edu
358,jianshu.com
359,americanexpress.com
360,dedecms.com
361,usps.com
362,upwork.com
363,deepl.com
364,stackexchange.com
365,networkadvertising.org
366,digg.com
367,twimg.com
368,evernote.com
369,unesco.org
370,merdeka.com
371,rlcdn.com
372,britannica.com
373,state.gov
374,box.com
375,adsrvr.org
376,kompas.com
377,academia.edu
378,usda.gov
379,irs.gov
380,criteo.com
381,allaboutcookies.org
382,akismet.com
383,eastmoney.com
384,bandcamp.com
385,pinimg.com
386,webex.com
387,change.org
388,wikihow.com
389,mayoclinic.org
390,akamaihd.net
391,about.com
392,trustpilot.com
393,ups.com
394,whitehouse.gov
395,discord.com
396,fedex.com
397,airbnb.com
398,economist.com
399,casalemedia.com
400,typepad.com
401,pbs.org
402,apple.news
403,nypost.com
404,wellsfargo.com
405,speedtest.net
406,businesswire.com
407,disneyplus.com
408,launchpad.net
409,trello.com
410,sciencemag.org
411,cctv.com
412,constantcontact.com
413,pexels.com
414,disqus.com
415,2mdn.net
416,ampproject.org
417,digikala.com
418,epa.gov
419,detik.com
420,fastly.net
421,msftncsi.com
422,openx.net
423,patreon.com
424,umich.edu
425,arcgis.com
426,mashable.com
427,rt.com
428,istockphoto.com
429,craigslist.org
430,niuche.com
431,columbia.edu
432,vice.com
433,typeform.com
434,bidswitch.net
435,pchouse.com.cn
436,worldbank.org
437,newrelic.com
438,azureedge.net
439,fb.me
440,noaa.gov
441,zdnet.com
442,homedepot.com
443,redhat.com
444,steampowered.com
445,psu.edu
446,verisign.com
447,vox.com
448,cbc.ca
449,eepurl.com
450,trafficmanager.net
451,dribbble.com
452,moatads.com
453,iso.org
454,uol.com.br
455,sfx.ms
456,ameblo.jp
457,sciencedaily.com
458,target.com
459,douyu.com
460,merriam-webster.com
461,telegram.me
462,hulu.com
463,outbrain.com
464,stripe.com
465,getpocket.com
466,pixnet.net
467,google.com.sg
468,fc2.com
469,feedburner.com
470,yale.edu
471,psychologytoday.com
472,example.com
473,jquery.com
474,gofundme.com
475,upenn.edu
476,abc.net.au
477,advertising.com
478,investing.com
479,wpengine.com
480,whatsapp.net
481,engadget.com
482,foodmate.net
483,padlet.com
484,elsevier.com
485,fastcompany.com
486,qualtrics.com
487,stumbleupon.com
488,bmj.com
489,globo.com
490,deloitte.com
491,3lift.com
492,ebay.de
493,inc.com
494,newyorker.com
495,smallpdf.com
496,webs.com
497,theconversation.com
498,canada.ca
499,ox.ac.uk
500,wisc.edu
501,meetup.com
502,cdstm.cn
503,gosuslugi.ru
504,plos.org
505,bestbuy.com
506,notion.so
507,apnews.com
508,wkzuche.com
509,fortune.com
510,envato.com
511,weforum.org
512,ieee.org
513,kakao.com
514,jmw.com.cn
515,hbomax.com
516,mozilla.com
517,savefrom.net
518,people.com.cn
519,zerodha.com
520,bluekai.com
521,glassdoor.com
522,teamviewer.com
523,dw.com
524,gizmodo.com
525,cdninstagram.com
526,discord.gg
527,trendyol.com
528,entrepreneur.com
529,jotform.com
530,google.com.tr
531,agkn.com
532,google.com.mx
533,nike.com
534,umn.edu
535,capitalone.com
536,secureserver.net
537,everesttech.net
538,varzesh3.com
539,tripod.com
540,chinaz.com
541,google.com.tw
542,biomedcentral.com
543,mzstatic.com
544,huawei.com
545,gotowebinar.com
546,medicalnewstoday.com
547,bbb.org
548,mckinsey.com
549,avito.ru
550,yimg.com
551,youronlinechoices.com
552,plesk.com
553,hupu.com
554,scientificamerican.com
555,sun.com
556,hotjar.com
557,redfin.com
558,chess.com
559,oreilly.com
560,tapad.com
561,apa.org
562,opensea.io
563,ubuntu.com
564,mathtag.com
565,jhu.edu
566,newsweek.com
567,hdfcbank.com
568,quantserve.com
569,geocities.com
570,arxiv.org
571,ebay.co.uk
572,hootsuite.com
573,nvidia.com
574,adp.com
575,guardian.co.uk
576,adsafeprotected.com
577,appsflyer.com
578,adobe.io
579,oecd.org
580,telewebion.com
581,uci.edu
582,sfgate.com
583,ucla.edu
584,mercari.com
585,xueqiu.com
586,accuweather.com
587,crashlytics.com
588,bankofamerica.com
589,att.com
590,krxd.net
591,cam.ac.uk
592,fidelity.com
593,bluehost.com
594,python.org
595,elpais.com
596,visualstudio.com
597,photobucket.com
598,fontawesome.com
599,ftc.gov
600,wiktionary.org
601,amazon.fr
602,cmu.edu
603,quizlet.com
604,smzdm.com
605,nps.gov
606,chicagotribune.com
607,pewresearch.org
608,realtor.com
609,elegantthemes.com
610,docker.com
611,aboutcookies.org
612,pcmag.com
613,sentry.io
614,slate.com
615,media.net
616,indiegogo.com
617,hilton.com
618,ed.gov
619,ca168.com
620,hotstar.com
621,redd.it
622,azurewebsites.net
623,fao.org
624,namu.wiki
625,doubleverify.com
626,steamcommunity.com
627,smartadserver.com
628,bizjournals.com
629,utexas.edu
630,nikkei.com
631,timeanddate.com
632,openstreetmap.org
633,wayfair.com
634,atlassian.com
635,vkontakte.ru
636,google.pl
637,ndtv.com
638,jstor.org
639,xing.com
640,arstechnica.com
641,autohome.com.cn
642,thelancet.com
643,heavy.com
644,uchicago.edu
645,thepaper.cn
646,pnas.org
647,mirror.co.uk
648,nist.gov
649,cbslocal.com
650,si.edu
651,gartner.com
652,lenovo.com
653,xnxx.com
654,uk.com
655,thesun.co.uk
656,fool.com
657,google.com.au
658,spotxchange.com
659,mdpi.com
660,worldometers.info
661,google.com.ar
662,gitlab.com
663,house.gov
664,grid.id
665,google.co.th
666,bet9ja.com
667,crwdcntrl.net
668,mercadolibre.com.ar
669,nicovideo.jp
670,anchor.fm
671,ny.gov
672,myworkday.com
673,amazon.es
674,japanpost.jp
675,chron.com
676,wikia.com
677,albawabhnews.com
678,qz.com
679,jsdelivr.net
680,miitbeian.gov.cn
681,howstuffworks.com
682,pinterest.ca
683,barnesandnoble.com
684,substack.com
685,3dmgame.com
686,com.com
687,variety.com
688,rollingstone.com
689,livescience.com
690,politico.com
691,jamanetwork.com
692,symantec.com
693,licdn.com
694,altervista.org
695,geeksforgeeks.org
696,frontiersin.org
697,bet365.com
698,census.gov
699,thawte.com
700,360doc.com
701,spiegel.de
702,adform.net
703,ign.com
704,media-amazon.com
705,nba.com
706,playstation.com
707,verizon.com
708,uber.com
709,okta.com
710,asos.com
711,orange.fr
712,science.org
713,www.gov.cn
714,youm7.com
715,purdue.edu
716,usc.edu
717,dotomi.com
718,usgs.gov
719,appspot.com
720,acs.org
721,metropoles.com
722,icicibank.com
723,nyu.edu
724,ozon.ru
725,chinadaily.com.cn
726,globenewswire.com
727,smh.com.au
728,googleapis.com
729,sec.gov
730,lijit.com
731,bls.gov
732,digifinex.com
733,suara.com
734,ltn.com.tw
735,sharethrough.com
736,cdn-apple.com
737,1rx.io
738,vmware.com
739,ifeng.com
740,omtrdc.net
741,hhs.gov
742,typekit.net
743,aljazeera.com
744,senate.gov
745,uiuc.edu
746,googleblog.com
747,criteo.net
748,turn.com
749,tiktokv.com
750,jb51.net
751,google.nl
752,cwi.nl
753,doxygen.nl
754,uu.nl
755,xs4all.nl
756,uva.nl
757,tudelft.nl
758,rug.nl
759,nos.nl
760,blogspot.nl
761,rijksoverheid.nl
762,utwente.nl
763,wur.nl
764,nu.nl
765,tue.nl
766,telegraaf.nl
767,ad.nl
768,vu.nl
769,nrc.nl
770,volkskrant.nl
771,ru.nl
772,rijksmuseum.nl
773,government.nl
774,marktplaats.nl
775,amazon.nl
776,autoriteitpersoonsgegevens.nl
777,rivm.nl
778,ziggo.nl
779,leidenuniv.nl
780,dutchnews.nl
781,rtlnieuws.nl
782,cbs.nl
783,universiteitleiden.nl
784,belastingdienst.nl
785,eur.nl
786,jouwweb.nl
787,vangoghmuseum.nl
788,trouw.nl
789,transip.nl
790,amsterdam.nl
791,startpagina.nl
792,ns.nl
793,businessinsider.nl
794,postnl.nl
795,home.nl
796,maastrichtuniversity.nl
797,overheid.nl
798,npostart.nl
799,kvk.nl
800,hostnet.nl
801,rabobank.nl
802,planet.nl
803,ebay.nl
804,parool.nl
805,vpro.nl
806,anwb.nl
807,ing.nl
808,coolblue.nl
809,robbast.nl
810,knaw.nl
811,nltimes.nl
812,tno.nl
813,abnamro.nl
814,ah.nl
815,rvo.nl
816,bnnvara.nl
817,consumentenbond.nl
818,adscience.nl
819,rechtspraak.nl
820,demon.nl
821,avrotros.nl
822,npo.nl
823,schiphol.nl
824,digid.nl
825,fd.nl
826,simpsite.nl
827,funda.nl
828,chello.nl
829,vagina.nl
830,politie.nl
